{
   "topic":"/imu/twist",
   "msg":{
      "twist":{
         "linear":{
            "y":-1.9547145366668701,
            "x":-0.06920024752616882,
            "z":-9.227472305297852
         },
         "angular":{
            "y":-0.0005652131512761116,
            "x":0.0004941968945786357,
            "z":0.0007559601217508316
         }
      },
      "header":{
         "stamp":{
            "secs":1487095342,
            "nsecs":169676229
         },
         "frame_id":"imu",
         "seq":51697
      }
   },
   "op":"publish"
